URL,Title,"Traffic share","Total traffic","Total traffic cost","Keywords total","Search intent"
https://infisical.com/blog/ssh-certificates-guide,"SSH Certificates: A Complete Guide",15.24,121,521.85,63,"I: 79, N: 22, L: 0, C: 0, T: 0"
https://infisical.com/blog/hashicorp-vault-pricing,"Hashicorp Vault Pricing: Complete Guide [2026 Edition]",14.86,118,286.88,123,"I: 141, N: 35, L: 0, C: 7, T: 0"
https://infisical.com/,"Infisical | The modern security platform for developers and ...",10.71,85,747.35,1189,"I: 1121, N: 383, L: 44, C: 51, T: 1"
https://infisical.com/blog/stop-using-dotenv-in-nodejs-v20.6.0+,"Should You Still Use dotenv in 2025?",9.07,72,0,17,"I: 24, N: 3, L: 0, C: 0, T: 0"
https://infisical.com/blog/best-secret-management-tools,"The Best Secrets Management Tools in 2026",8.56,68,536.78,171,"I: 184, N: 40, L: 6, C: 6, T: 0"
https://infisical.com/blog/azure-key-vault-pricing,"Azure Key Vault Pricing: Complete Guide [2026 Edition]",5.92,47,144.04,51,"I: 54, N: 14, L: 0, C: 7, T: 1"
https://infisical.com/blog/hashicorp-vault-alternatives,"Top HashiCorp Vault Alternatives [2026]",4.28,34,339.61,36,"I: 43, N: 10, L: 2, C: 2, T: 0"
https://infisical.com/blog/guide-to-implementing-oauth2,"Guide to implementing OAuth 2.0 (with examples)",4.28,34,82.19,292,"I: 303, N: 136, L: 0, C: 0, T: 0"
https://infisical.com/blog/what-is-certificate-manager,"What is a Certificate Manager?",3.27,26,408.28,24,"I: 25, N: 0, L: 0, C: 0, T: 0"
https://infisical.com/blog/what-is-privileged-access-management,"What is Privileged Access Management (PAM)?",2.27,18,229.67,35,"I: 36, N: 0, L: 0, C: 0, T: 0"
https://infisical.com/blog/api-key-management,"API Key Management | Definition and Best Practices",2.14,17,81.78,53,"I: 60, N: 24, L: 0, C: 0, T: 0"
https://infisical.com/blog/ssh-keys-dont-scale,"SSH Keys Don't Scale. SSH Certificates Do",2.02,16,79.52,36,"I: 41, N: 16, L: 0, C: 0, T: 0"
https://infisical.com/blog/kubernetes-secrets-management-2025,"Kubernetes Secrets Management in 2025 - A Complete ...",1.76,14,84.74,53,"I: 57, N: 32, L: 0, C: 0, T: 0"
https://infisical.com/blog/gitlab-secrets,"Secrets Management in GitLab CI/CD",1.39,11,55.26,14,"I: 15, N: 8, L: 0, C: 0, T: 0"
https://infisical.com/docs/documentation/platform/secret-sharing,"Secret Sharing",1.26,10,30.1,38,"I: 42, N: 7, L: 0, C: 0, T: 0"
https://infisical.com/blog/cyberark-conjur-pricing,"CyberArk Conjur Pricing: Complete Guide [2026 Edition]",1.13,9,76.75,24,"I: 31, N: 6, L: 0, C: 0, T: 0"
https://infisical.com/blog/aws-secrets-manager-alternatives,"Top AWS Secrets Manager Alternatives [2026]",0.88,7,33.37,8,"I: 9, N: 1, L: 0, C: 0, T: 0"
https://infisical.com/blog/terraform-vs-opentofu,"Terraform vs. OpenTofu: A Comprehensive Comparison",0.88,7,0,1,"I: 2, N: 0, L: 0, C: 0, T: 0"
https://infisical.com/docs/documentation/platform/pki/ca/azure-adcs,"Microsoft AD CS",0.76,6,21.9,7,"I: 7, N: 0, L: 0, C: 0, T: 0"
https://infisical.com/docs/documentation/platform/pki/ca/private-ca,"Internal CA",0.63,5,21.95,5,"I: 7, N: 0, L: 0, C: 0, T: 0"
https://infisical.com/blog/open-source-secrets-management-devops,"Open Source Secrets Management for DevOps in 2026",0.63,5,31.5,16,"I: 16, N: 2, L: 0, C: 0, T: 0"
https://infisical.com/docs/documentation/platform/identities/tls-cert-auth,"TLS Certificate Auth",0.5,4,8.72,5,"I: 5, N: 0, L: 0, C: 0, T: 0"
https://infisical.com/blog/jenkins-secrets,"Jenkins Secrets: Managing Credentials Without ...",0.5,4,0,3,"I: 4, N: 0, L: 0, C: 0, T: 0"
https://infisical.com/blog/postgresql-migration-technical,"The Great Migration from MongoDB to PostgreSQL",0.5,4,60.27,46,"I: 47, N: 12, L: 0, C: 0, T: 0"
https://infisical.com/blog/aws-secrets-manager-vs-hashicorp-vault,"AWS Secrets Manager vs HashiCorp Vault [2026]",0.5,4,15.81,41,"I: 46, N: 13, L: 0, C: 0, T: 0"
https://infisical.com/blog/privileged-access-management-best-practices,"Privileged Access Management Best Practices",0.5,4,106.16,7,"I: 8, N: 0, L: 0, C: 0, T: 0"
https://infisical.com/blog/hashiconf-2025,"What to Expect at HashiConf 2025",0.38,3,26.82,1,"I: 1, N: 0, L: 0, C: 0, T: 0"
https://infisical.com/docs/documentation/platform/identities/azure-auth,"Azure Auth",0.38,3,7.11,2,"I: 2, N: 1, L: 0, C: 0, T: 0"
https://infisical.com/docs/documentation/platform/kms/overview,"Key Management Service (KMS)",0.38,3,9.92,36,"I: 37, N: 7, L: 0, C: 1, T: 0"
https://infisical.com/blog/what-is-secrets-management,"What is Secrets Management? A Complete Technical Guide",0.38,3,20.04,12,"I: 14, N: 0, L: 0, C: 0, T: 0"
"https://infisical.com/blog/best-secret-management-tools#:~:text=Compared%20to%20Infisical%20or%20Vault,the%20beta%20stage%20of%20testing).","Top-10 Secrets Management Tools in 2025 - Infisical",0.38,3,36,2,"I: 1, N: 0, L: 1, C: 1, T: 0"
https://infisical.com/docs/documentation/platform/secret-scanning/overview,"Secret Scanning",0.25,2,12,5,"I: 5, N: 2, L: 0, C: 0, T: 0"
https://infisical.com/blog/sst-secrets-management,"SST Secrets Management: A Technical Guide",0.25,2,0,4,"I: 4, N: 1, L: 0, C: 0, T: 0"
https://infisical.com/blog/how-to-manage-secrets-in-databricks,"How to Manage Secrets in Databricks?",0.25,2,8.48,1,"I: 1, N: 1, L: 0, C: 0, T: 0"
https://infisical.com/blog/cyberark-conjur-alternatives,"Top CyberArk Conjur Alternatives [2026] - Infisical",0.25,2,9.81,17,"I: 17, N: 6, L: 0, C: 0, T: 0"
https://infisical.com/blog/external-secrets-operator-paused,"External Secrets Operator is paused. What's next?",0.25,2,26.84,1,"I: 1, N: 1, L: 0, C: 0, T: 0"
https://infisical.com/docs/documentation/platform/sso/google-saml,"Google SAML",0.25,2,9.2,30,"I: 30, N: 1, L: 0, C: 0, T: 0"
https://infisical.com/docs/documentation/platform/sso/auth0-saml,"Auth0 SAML",0.25,2,9.78,1,"I: 1, N: 0, L: 0, C: 0, T: 0"
https://infisical.com/docs/documentation/platform/kms/kmip,"KMIP Integration",0.13,1,8.8,5,"I: 7, N: 1, L: 0, C: 0, T: 0"
https://infisical.com/blog/best-platform-engineering-tools-2026,"Best Platform Engineering Tools in 2026: A Practical Guid...",0.13,1,6.78,1,"I: 1, N: 0, L: 0, C: 0, T: 0"
https://infisical.com/pricing,Pricing,0.13,1,12,17,"I: 17, N: 3, L: 0, C: 0, T: 0"
https://infisical.com/blog/gitlab-ci-cd-vs-github-actions-for-secrets-management,"GitLab CI/CD vs GitHub Actions for Secrets Management",0.13,1,4.1,4,"I: 4, N: 0, L: 0, C: 0, T: 0"
https://infisical.com/blog/solving-secret-zero-problem,"What is the Secret Zero Problem? A Deep Dive into Cloud- ...",0.13,1,8.18,5,"I: 5, N: 1, L: 0, C: 0, T: 0"
https://infisical.com/docs/documentation/platform/sso/keycloak-oidc/overview,"Keycloak OIDC Overview",0.13,1,2.35,30,"I: 34, N: 11, L: 0, C: 0, T: 0"
https://infisical.com/docs/documentation/platform/token,"Service Token",0.13,1,0,12,"I: 14, N: 2, L: 0, C: 0, T: 0"
https://infisical.com/docs/documentation/platform/identities/gcp-auth,"GCP Auth",0.13,1,0,9,"I: 9, N: 6, L: 0, C: 0, T: 0"
https://infisical.com/infisical-vs-hashicorp-vault,"Infisical vs Hashicorp Vault: Feature Comparison",0.13,1,0,9,"I: 9, N: 6, L: 0, C: 0, T: 0"
https://infisical.com/docs/documentation/platform/sso/jumpcloud,"JumpCloud SAML",0.13,1,0,5,"I: 5, N: 1, L: 0, C: 0, T: 0"
https://infisical.com/docs/documentation/platform/workflow-integrations/slack-integration,"Slack Integration",0.13,1,6.12,83,"I: 90, N: 40, L: 0, C: 0, T: 0"
https://infisical.com/docs/self-hosting/guides/mongo-to-postgres,"Migrate Mongo to Postgres",0.13,1,49.83,30,"I: 31, N: 2, L: 0, C: 0, T: 0"
"https://infisical.com/blog/hashicorp-vault-pricing#:~:text=Is%20HashiCorp%20Vault%20expensive?,and%20adds%20advanced%20capabilities%20like:","Hashicorp Vault Pricing | Complete Guide [2025 Edition]",0.13,1,2.74,1,"I: 1, N: 0, L: 0, C: 0, T: 0"
https://infisical.com/docs/api-reference/endpoints/secrets/list,"List secrets",0.13,1,0,1,"I: 1, N: 0, L: 0, C: 0, T: 0"
https://infisical.com/docs/sdks/languages/node,"Infisical Node.js SDK",0.13,1,5.07,2,"I: 2, N: 1, L: 0, C: 0, T: 0"
https://infisical.com/docs/integrations/cicd/rundeck,Rundeck,0,0,0,1,"I: 1, N: 1, L: 0, C: 0, T: 0"
https://infisical.com/docs/documentation/platform/secret-rotation/auth0-client-secret,"Auth0 Client Secret Rotation",0,0,0,1,"I: 1, N: 0, L: 0, C: 0, T: 0"
https://infisical.com/docs/documentation/platform/dynamic-secrets/mssql,"MS SQL",0,0,0,6,"I: 7, N: 1, L: 0, C: 0, T: 0"
"https://infisical.com/blog/azure-key-vault-vs-hashicorp-vault#:~:text=Azure%20Key%20Vault:%20Cloud%2Dbased,to%20store%20and%20access%20secrets.","Azure Key Vault vs HashiCorp Vault [2025] - Infisical",0,0,0,2,"I: 2, N: 1, L: 0, C: 0, T: 0"
"https://infisical.com/#:~:text=Secrets%20Management%20across%20Infrastructure,prem%20and%20in%20the%20cloud.","Infisical | Open Source Secret Management",0,0,0,2,"I: 2, N: 0, L: 0, C: 0, T: 0"
"https://infisical.com/docs/documentation/platform/pki/est#:~:text=Enrollment%20over%20Secure%20Transport%20(EST)%20is%20a%20protocol%20used%20to,over%20a%20secure%20HTTPS%20connection.",,0,0,0,1,"I: 1, N: 0, L: 0, C: 0, T: 0"
https://questions.infisical.com/t/configuring-jetbrains-ide-database-connection/2K4c97,"Configuring Jetbrains IDE Database Connection",0,0,0,1,"I: 1, N: 0, L: 0, C: 0, T: 0"
https://infisical.com/docs/documentation/platform/pki/private-ca,"Internal CA",0,0,0,27,"I: 27, N: 14, L: 0, C: 0, T: 0"
https://infisical.com/docs/integrations/cicd/travisci,"Travis CI",0,0,0,6,"I: 5, N: 2, L: 1, C: 0, T: 0"
https://questions.infisical.com/t/troubleshooting-infisical-cloud-integration-with-render/2K950a,"Troubleshooting Infisical Cloud Integration with Render",0,0,0,1,"I: 1, N: 0, L: 0, C: 0, T: 0"
https://infisical.com/docs/documentation/guides/microsoft-power-apps,"Microsoft Power Apps",0,0,0,4,"I: 4, N: 0, L: 0, C: 0, T: 0"
https://infisical.com/blog/what-is-secret-sprawl,"What is Secret Sprawl and How to Solve It?",0,0,0,8,"I: 9, N: 3, L: 0, C: 0, T: 0"
https://infisical.com/docs/self-hosting/overview,"Learn how to self-host Infisical on your own infrastructure.",0,0,0,8,"I: 8, N: 5, L: 0, C: 0, T: 0"
https://infisical.com/docs/documentation/platform/scim/jumpcloud,"JumpCloud SCIM",0,0,0,2,"I: 2, N: 1, L: 0, C: 0, T: 0"
https://infisical.com/docs/documentation/platform/pr-workflows,"Approval Workflows",0,0,0,2,"I: 2, N: 1, L: 0, C: 0, T: 0"
https://infisical.com/docs/contributing/sdk/developing,"Local development",0,0,0,1,"I: 1, N: 0, L: 0, C: 0, T: 0"
https://infisical.com/docs/api-reference/endpoints/kms/signing/sign,"Sign Data",0,0,0,1,"I: 1, N: 0, L: 0, C: 0, T: 0"
https://infisical.com/docs/integrations/frameworks/laravel,Laravel,0,0,0,1,"I: 1, N: 1, L: 0, C: 0, T: 0"
https://infisical.com/blog,Blog,0,0,0,1,"I: 1, N: 1, L: 0, C: 0, T: 0"
https://infisical.com/docs/documentation/guides/nextjs-vercel,"Next.js + Vercel",0,0,0,7,"I: 7, N: 4, L: 0, C: 0, T: 0"
"https://infisical.com/blog/azure-key-vault-vs-hashicorp-vault#:~:text=1.,to%20store%20and%20access%20secrets.",,0,0,0,1,"I: 1, N: 0, L: 0, C: 0, T: 0"
https://questions.infisical.com/t/removing-single-quotes-from-infisical-cli-export-output/2J3a1e4,"Removing single quotes from Infisical CLI export output",0,0,0,1,"I: 1, N: 0, L: 0, C: 0, T: 0"
https://infisical.com/docs/integrations/app-connections/oci,"OCI Connection",0,0,0,1,"I: 1, N: 0, L: 0, C: 0, T: 0"
https://infisical.com/blog/azure-key-vault-alternatives,"Top Azure Key Vault Alternatives [2026] - Infisical",0,0,0,12,"I: 11, N: 1, L: 0, C: 1, T: 1"
https://infisical.com/docs/documentation/platform/dynamic-secrets/totp,TOTP,0,0,0,2,"I: 2, N: 1, L: 0, C: 0, T: 0"
https://infisical.com/docs/api-reference/endpoints/project-users/get-by-username,"Get By Username",0,0,0,1,"I: 1, N: 0, L: 0, C: 0, T: 0"
https://infisical.com/docs/documentation/platform/pki/overview,"Certificate Management",0,0,0,24,"I: 24, N: 5, L: 0, C: 0, T: 0"
https://infisical.com/docs/integrations/platforms/kubernetes-csi,"Kubernetes CSI",0,0,0,22,"I: 22, N: 11, L: 0, C: 0, T: 0"
https://infisical.com/docs/api-reference/endpoints/certificate-authorities/internal/list-ca-certs,"List CA certificates",0,0,0,1,"I: 1, N: 0, L: 0, C: 0, T: 0"
https://infisical.com/docs/api-reference/endpoints/kms/keys/decrypt,"Decrypt Data",0,0,0,1,"I: 1, N: 1, L: 0, C: 0, T: 0"
https://infisical.com/docs/cli/commands/reset,"infisical reset",0,0,0,1,"I: 0, N: 0, L: 0, C: 1, T: 0"
https://infisical.com/docs/integrations/platforms/docker-compose,"Docker Compose",0,0,0,2,"I: 2, N: 2, L: 0, C: 0, T: 0"
https://infisical.com/docs/cli/project-config,"Project config file",0,0,0,2,"I: 2, N: 1, L: 0, C: 0, T: 0"
https://infisical.com/docs/cli/commands/scan-git-changes,"scan git-changes",0,0,0,1,"I: 1, N: 1, L: 0, C: 0, T: 0"
https://questions.infisical.com/t/issues-with-syncing-private-ssh-rsa-key-in-github-integrations/2K5ba0,"Issues with Syncing Private SSH RSA Key in Github ...",0,0,0,1,"I: 1, N: 0, L: 0, C: 0, T: 0"
https://infisical.com/blog/cyberark-conjur-vs-hashicorp-vault,"Cyberark Conjur vs Hashicorp Vault [2026] - Infisical. Opens in new tab.",0,0,0,18,"I: 24, N: 15, L: 0, C: 0, T: 0"
https://infisical.com/docs/documentation/platform/identities/oidc-auth/terraform-cloud,"Terraform Cloud",0,0,0,7,"I: 7, N: 5, L: 0, C: 0, T: 0"
https://infisical.com/docs/api-reference/endpoints/integrations/create,Create,0,0,0,1,"I: 1, N: 1, L: 0, C: 0, T: 0"
https://questions.infisical.com/t/backing-up-self-hosted-infisical-instance-redis-and-postgres/2J44534,"Backing Up Self-Hosted Infisical Instance: Redis and ...",0,0,0,1,"I: 1, N: 1, L: 0, C: 0, T: 0"
https://infisical.com/blog/vibe-coding-security-playbook,"A Vibe Coding Security Playbook: Keeping AI-Generated ...",0,0,0,11,"I: 10, N: 0, L: 1, C: 1, T: 0"
https://infisical.com/docs/cli/usage,Quickstart,0,0,0,2,"I: 2, N: 0, L: 0, C: 0, T: 0"
https://infisical.com/docs/internals/bug-bounty,"Bug bounty program",0,0,0,7,"I: 7, N: 7, L: 0, C: 0, T: 0"
https://infisical.com/docs/documentation/platform/access-controls/overview,"Access Controls",0,0,0,2,"I: 2, N: 0, L: 0, C: 0, T: 0"
https://infisical.com/docs/documentation/platform/dynamic-secrets/cassandra,Cassandra,0,0,0,6,"I: 6, N: 0, L: 0, C: 0, T: 0"
https://infisical.com/docs/integrations/secret-syncs/1password,"1Password Sync - Infisical",0,0,0,8,"I: 9, N: 1, L: 0, C: 0, T: 0"
https://infisical.com/docs/documentation/guides/local-development,"Secret Management in Development Environments",0,0,0,2,"I: 2, N: 0, L: 0, C: 0, T: 0"
https://questions.infisical.com/t/infisical-self-hosted-email-configuration-issues-resolved/2J3027a,"Infisical Self-Hosted Email Configuration Issues Resolved",0,0,0,1,"I: 1, N: 1, L: 0, C: 0, T: 0"
https://infisical.com/docs/documentation/platform/ldap/general,"General LDAP",0,0,0,7,"I: 7, N: 3, L: 0, C: 0, T: 0"
https://questions.infisical.com/t/infisical-login-issues-and-error-429/2Kbcdc,"Infisical Login Issues and Error 429",0,0,0,1,"I: 1, N: 0, L: 0, C: 0, T: 0"
https://questions.infisical.com/t/loading-json-secrets-from-environment-variables-in-c-/2J3b62e,"Loading JSON Secrets from Environment Variables in ...",0,0,0,1,"I: 1, N: 0, L: 0, C: 0, T: 0"
https://questions.infisical.com/t/debugging-backend-with-vscode-and-docker-compose/2J3bb1b,"Debugging backend with VSCode and Docker Compose",0,0,0,1,"I: 1, N: 1, L: 0, C: 0, T: 0"
https://infisical.com/docs/integrations/app-connections/azure-client-secrets,"Azure Client Secrets Connection",0,0,0,2,"I: 2, N: 0, L: 0, C: 0, T: 0"
https://infisical.com/docs/documentation/platform/ldap/jumpcloud,"JumpCloud LDAP",0,0,0,10,"I: 9, N: 2, L: 1, C: 1, T: 0"
https://infisical.com/docs/api-reference/overview/introduction,"API Reference",0,0,0,4,"I: 4, N: 1, L: 0, C: 0, T: 0"
https://infisical.com/careers,"Infisical is hiring!",0,0,0,3,"I: 2, N: 0, L: 1, C: 0, T: 0"
https://infisical.com/docs/integrations/cicd/octopus-deploy,"Octopus Deploy",0,0,0,5,"I: 5, N: 2, L: 0, C: 0, T: 0"
https://infisical.com/blog/how-to-manage-secrets-in-kubernetes,"A better way to manage Kubernetes secrets",0,0,0,39,"I: 39, N: 30, L: 0, C: 0, T: 0"
https://infisical.com/docs/api-reference/endpoints/app-connections/heroku/delete,Delete,0,0,0,1,"I: 1, N: 0, L: 0, C: 0, T: 0"
https://infisical.com/docs/integrations/platforms/pm2,PM2,0,0,0,9,"I: 9, N: 8, L: 0, C: 0, T: 0"
https://infisical.com/docs/integrations/platforms/kubernetes/overview,"Kubernetes Operator",0,0,0,32,"I: 32, N: 26, L: 0, C: 0, T: 0"
https://infisical.com/docs/documentation/platform/kms-configuration/overview,"Key Management Service (KMS) Configuration",0,0,0,4,"I: 4, N: 3, L: 0, C: 0, T: 0"
https://questions.infisical.com/t/service-health-check-and-lag-in-ui/2M89,"Service Health Check and Lag in UI",0,0,0,1,"I: 1, N: 0, L: 0, C: 0, T: 0"
https://infisical.com/docs/api-reference/endpoints/dynamic-secrets/get-lease,"Get Lease",0,0,0,1,"I: 1, N: 1, L: 0, C: 0, T: 0"
https://infisical.com/docs/cli/commands/init,"infisical init",0,0,0,1,"I: 1, N: 0, L: 0, C: 0, T: 0"
https://infisical.com/docs/api-reference/endpoints/identity-specific-privilege/v2/find-by-slug,"Find By Slug",0,0,0,1,"I: 1, N: 0, L: 0, C: 0, T: 0"
https://infisical.com/docs/contributing/platform/backend/folder-structure,"Backend folder structure",0,0,0,2,"I: 2, N: 0, L: 0, C: 0, T: 0"
https://infisical.com/docs/documentation/platform/sso/azure,"Entra ID / Azure AD SAML - SSO",0,0,0,45,"I: 45, N: 29, L: 0, C: 0, T: 0"
https://infisical.com/docs/documentation/platform/scim/group-mappings,"SCIM Group Mappings",0,0,0,1,"I: 1, N: 0, L: 0, C: 0, T: 0"
"https://infisical.com/blog/gitlab-secrets#:~:text=Comprehensive%20audit%20capabilities%20track%20all%20secret%20access,modifications%2C%20supporting%20compliance%20requirements%20and%20security%20investigations.",,0,0,0,1,"I: 1, N: 0, L: 0, C: 0, T: 0"
"https://infisical.com/blog/what-is-vault#:~:text=Access%20Control%20and%20Authentication:%20Vaults%20facilitate%20granular,in%20preventing%20unauthorized%20data%20access%20and%20leakage.","What is Vault? A Deep Dive into the World of Secret Management",0,0,0,1,"I: 1, N: 0, L: 0, C: 0, T: 0"
https://infisical.com/docs/api-reference/endpoints/universal-auth/get-client-secret-by-id,"Get Client Secret By ID",0,0,0,2,"I: 2, N: 0, L: 0, C: 0, T: 0"
https://infisical.com/docs/integrations/platforms/docker-swarm-with-agent,"Docker Swarm",0,0,0,16,"I: 16, N: 6, L: 0, C: 0, T: 0"
https://infisical.com/docs/self-hosting/deployment-options/docker-swarm,"Docker Swarm",0,0,0,27,"I: 27, N: 13, L: 0, C: 0, T: 0"
https://infisical.com/docs/api-reference/endpoints/secret-syncs/hashicorp-vault/remove-secrets,"Remove Secrets",0,0,0,1,"I: 1, N: 0, L: 0, C: 0, T: 0"
https://infisical.com/docs/documentation/platform/secret-rotation/azure-client-secret,"Azure Client Secret",0,0,0,1,"I: 1, N: 0, L: 0, C: 0, T: 0"
https://infisical.com/docs/documentation/platform/ssh/overview,"Infisical SSH",0,0,0,4,"I: 4, N: 1, L: 0, C: 0, T: 0"
https://infisical.com/docs/self-hosting/deployment-options/docker-compose,"Docker Compose",0,0,0,21,"I: 21, N: 16, L: 0, C: 0, T: 0"
https://infisical.com/docs/documentation/platform/secrets-mgmt/concepts/secrets-mgmt,"Secrets Management",0,0,0,1,"I: 1, N: 0, L: 0, C: 0, T: 0"
"https://infisical.com/infisical-vs-hashicorp-vault#:~:text=Infisical%20offers%20a%20fully%20language,secrets%20as%20environment%20variables%2C%20etc.",,0,0,0,1,"I: 0, N: 0, L: 1, C: 1, T: 0"
https://infisical.com/docs/integrations/cloud/cloudflare-workers,"Cloudflare Workers",0,0,0,5,"I: 5, N: 4, L: 0, C: 0, T: 0"
https://infisical.com/docs/documentation/platform/identities/oidc-auth/github,Github,0,0,0,7,"I: 7, N: 5, L: 0, C: 0, T: 0"
https://infisical.com/docs/documentation/platform/sso/general-oidc/group-membership-mapping,"General OIDC Group Membership Mapping",0,0,0,1,"I: 1, N: 0, L: 0, C: 0, T: 0"
https://infisical.com/docs/integrations/cicd/jenkins,"Jenkins Plugin",0,0,0,37,"I: 37, N: 24, L: 0, C: 0, T: 0"
https://infisical.com/docs/documentation/platform/admin-panel/server-admin,"Server Admin Console",0,0,0,2,"I: 2, N: 0, L: 0, C: 0, T: 0"
"https://infisical.com/#:~:text=Infisical,Learn%20More","Infisical | Secrets Management on Autopilot",0,0,0,1,"I: 0, N: 0, L: 1, C: 1, T: 0"
https://infisical.com/docs/documentation/platform/sso/okta,"Okta SAML",0,0,0,39,"I: 39, N: 5, L: 0, C: 0, T: 0"
https://infisical.com/infisical-friends,"Infisical's Open Source Friends",0,0,0,5,"I: 5, N: 3, L: 0, C: 0, T: 0"
https://infisical.com/docs/api-reference/endpoints/secrets/read,Retrieve,0,0,0,2,"I: 2, N: 1, L: 0, C: 0, T: 0"
https://infisical.com/blog/astrazeneca-leaked-secrets-api-keys,"Astrazeneca leaked its secrets. What should you know?",0,0,0,1,"I: 1, N: 0, L: 0, C: 0, T: 0"
https://infisical.com/docs/documentation/platform/dynamic-secrets/aws-iam,"AWS IAM",0,0,0,13,"I: 13, N: 8, L: 0, C: 0, T: 0"
https://infisical.com/docs/integrations/secret-syncs/aws-secrets-manager,"AWS Secrets Manager Sync",0,0,0,3,"I: 3, N: 0, L: 0, C: 0, T: 0"
https://infisical.com/docs/integrations/platforms/docker,"Docker Entrypoint",0,0,0,9,"I: 9, N: 7, L: 0, C: 0, T: 0"
https://infisical.com/blog/secrets-management-requirements-pci-dss,"Secrets Management Requirements for PCI DSS 4.0 ...",0,0,0,2,"I: 2, N: 0, L: 0, C: 0, T: 0"
https://infisical.com/docs/documentation/platform/dynamic-secrets/mysql,MySQL,0,0,0,1,"I: 1, N: 0, L: 0, C: 0, T: 0"
https://infisical.com/docs/integrations/platforms/ecs-with-agent,"Amazon ECS",0,0,0,26,"I: 26, N: 11, L: 0, C: 0, T: 0"
https://infisical.com/docs/integrations/app-connections/overview,Overview,0,0,0,1,"I: 1, N: 0, L: 0, C: 0, T: 0"
https://infisical.com/docs/documentation/platform/kms-configuration/gcp-kms,"GCP Key Management Service",0,0,0,19,"I: 18, N: 7, L: 1, C: 1, T: 0"
https://infisical.com/docs/integrations/app-connections/1password,"1Password Connection",0,0,0,4,"I: 4, N: 0, L: 0, C: 0, T: 0"
https://questions.infisical.com/t/troubleshooting-gitlab-ci-runner-with-self-hosted-infisical/2K5efe,"Troubleshooting GitLab CI runner with Self-hosted Infisical",0,0,0,4,"I: 4, N: 4, L: 0, C: 0, T: 0"
https://infisical.com/docs/documentation/platform/sso/auth0-oidc,"Auth0 OIDC",0,0,0,6,"I: 6, N: 0, L: 0, C: 0, T: 0"
https://questions.infisical.com/t/installation-issue-of-infisical-on-node-alpine-docker-image/2K2911,"Installation Issue of Infisical on Node Alpine Docker Image",0,0,0,1,"I: 1, N: 0, L: 0, C: 0, T: 0"
https://infisical.com/blog/what-is-vault,"What is Vault? A Deep Dive into the World of Secret ...",0,0,0,54,"I: 49, N: 16, L: 4, C: 5, T: 0"
https://infisical.com/docs/cli/commands/secrets,"infisical secrets",0,0,0,4,"I: 4, N: 0, L: 0, C: 0, T: 0"
https://infisical.com/docs/documentation/platform/pki/integration-guides/gloo-mesh,"Gloo Mesh Integration",0,0,0,2,"I: 2, N: 0, L: 0, C: 0, T: 0"
https://infisical.com/docs/documentation/platform/webhooks,Webhooks,0,0,0,1,"I: 1, N: 1, L: 0, C: 0, T: 0"
https://infisical.com/docs/api-reference/endpoints/ssh/groups/list-hosts,"List Hosts",0,0,0,1,"I: 1, N: 0, L: 0, C: 0, T: 0"
https://questions.infisical.com/t/troubleshooting-infisical-connection-error-in-python-api/2J25883,"Troubleshooting Infisical Connection Error in Python API",0,0,0,1,"I: 1, N: 0, L: 0, C: 0, T: 0"
https://infisical.com/docs/documentation/platform/pki/concepts/certificate-mgmt,"Certificate Management",0,0,0,1,"I: 1, N: 0, L: 0, C: 0, T: 0"
https://questions.infisical.com/t/issue-with-multi-line-secrets-and-rsa-keys/2M73,"Issue with Multi-line Secrets and RSA Keys",0,0,0,1,"I: 1, N: 0, L: 0, C: 0, T: 0"
https://infisical.com/docs/self-hosting/configuration/requirements#:~:text=Redis%20is%20utilized%20for%20session%20management%20and%20background%20tasks%20in%20Infisical.,"Hardware requirements",0,0,0,1,"I: 1, N: 0, L: 0, C: 0, T: 0"
https://questions.infisical.com/t/meaning-behind-the-name-infisical-/2Ma6,"Meaning Behind the Name Infisical",0,0,0,1,"I: 1, N: 0, L: 0, C: 0, T: 0"
https://infisical.com/docs/changelog/overview,Changelog,0,0,0,1,"I: 1, N: 0, L: 0, C: 0, T: 0"
https://questions.infisical.com/t/-4j4cc00-has-created-a-new-thread/2J48986," has created a new thread",0,0,0,1,"I: 1, N: 0, L: 0, C: 0, T: 0"
https://infisical.com/blog/ansible-secrets,,0,0,0,1,"I: 1, N: 1, L: 0, C: 0, T: 0"
https://infisical.com/docs/api-reference/endpoints/kms/encryption/encrypt,"Encrypt Data",0,0,0,4,"I: 4, N: 3, L: 0, C: 0, T: 0"
https://questions.infisical.com/t/retrieving-infisical-secrets-in-github-actions-workflow/2J2ffdd,"Retrieving Infisical Secrets in GitHub Actions Workflow",0,0,0,1,"I: 1, N: 0, L: 0, C: 0, T: 0"
https://infisical.com/slack,Slack,0,0,0,1,"I: 1, N: 0, L: 0, C: 0, T: 0"
https://infisical.com/blog/introducing-saml-sso,"Infisical + SAML SSO",0,0,0,2,"I: 2, N: 0, L: 0, C: 0, T: 0"
https://infisical.com/docs/cli/commands/login,"infisical login",0,0,0,5,"I: 5, N: 3, L: 0, C: 0, T: 0"
https://infisical.com/docs/integrations/frameworks/nextjs,Next.js,0,0,0,1,"I: 1, N: 0, L: 0, C: 0, T: 0"
https://questions.infisical.com/t/troubleshooting-500-error-in-nginx-ingress-with-infisical/2Kaf82,"Troubleshooting 500 Error in Nginx Ingress with Infisical",0,0,0,1,"I: 1, N: 0, L: 0, C: 0, T: 0"
https://infisical.com/blog/gitops-secrets-management,"regularly rotate credentials",0,0,0,9,"I: 8, N: 2, L: 1, C: 1, T: 0"
https://questions.infisical.com/t/deploying-next-js-on-aws-amplify-with-infisical-environment-variables/2K831d,"Deploying Next.js on AWS Amplify with ...",0,0,0,1,"I: 1, N: 1, L: 0, C: 0, T: 0"
https://infisical.com/radar,"Infisical Radar | Secret Scanning",0,0,0,4,"I: 4, N: 3, L: 0, C: 0, T: 0"
https://infisical.com/docs/api-reference/endpoints/workspaces/rollback-snapshot,"Roll Back to Snapshot",0,0,0,3,"I: 3, N: 0, L: 0, C: 0, T: 0"
https://questions.infisical.com/t/mounting-infisical-secrets-as-a-single-file-in-kubernetes/2Kc15a,"Mounting Infisical Secrets as a Single File in Kubernetes",0,0,0,6,"I: 6, N: 3, L: 0, C: 0, T: 0"
https://infisical.com/docs/integrations/cicd/gitlab,GitLab,0,0,0,26,"I: 26, N: 15, L: 0, C: 0, T: 0"
https://infisical.com/docs/changelog,Changelog,0,0,0,1,"I: 1, N: 0, L: 0, C: 0, T: 0"
https://infisical.com/docs/internals/permissions/overview,"Overview - Infisical",0,0,0,1,"I: 1, N: 0, L: 0, C: 0, T: 0"
https://questions.infisical.com/t/feature-request-output-secrets-in-aws-copilot-secrets-init-yaml-format/2K27ba,https://questions.infisical.com/t/feature-request-...,0,0,0,1,"I: 1, N: 1, L: 0, C: 0, T: 0"
"https://infisical.com/blog/guide-to-implementing-oauth2#:~:text=(A)%20Redirect%20the%20user%20from,service%2C%20and%20often%20a%20refresh_token%20.","Guide to implementing OAuth 2.0 (with examples) - Infisical",0,0,0,2,"I: 2, N: 0, L: 0, C: 0, T: 0"
https://infisical.com/blog/best-certificate-management-tools,"Best Certificate Management Tools in 2026",0,0,0,1,"I: 1, N: 0, L: 0, C: 0, T: 0"
https://infisical.com/docs/api-reference/endpoints/certificate-authorities/csr,"Get CSR",0,0,0,1,"I: 1, N: 0, L: 0, C: 0, T: 0"
"https://infisical.com/blog/what-is-vault#:~:text=Automating%20Secret%20Management:%20In%20a%20DevOps%20environment%2C,a%20fast%2Dpaced%2C%20secure%20development%20and%20deployment%20cycle.",,0,0,0,1,"I: 1, N: 1, L: 0, C: 0, T: 0"
https://infisical.com/docs/api-reference/endpoints/certificate-templates/create,Create,0,0,0,2,"I: 2, N: 0, L: 0, C: 0, T: 0"
https://infisical.com/docs/documentation/platform/pki/ca/external-ca,"External CA",0,0,0,3,"I: 3, N: 0, L: 0, C: 0, T: 0"
https://infisical.com/docs/integrations/secret-syncs/databricks,"Databricks Sync",0,0,0,1,"I: 2, N: 0, L: 0, C: 0, T: 0"
https://infisical.com/docs/integrations/frameworks/dotnet,NET,0,0,0,1,"I: 1, N: 1, L: 0, C: 0, T: 0"
https://infisical.com/docs/documentation/platform/access-controls/temporary-access,"Temporary Access",0,0,0,4,"I: 2, N: 0, L: 1, C: 2, T: 0"
https://infisical.com/docs/api-reference/endpoints/secrets/attach-tags,"Attach tags",0,0,0,3,"I: 2, N: 2, L: 0, C: 1, T: 0"
https://infisical.com/docs/integrations/app-connections/aws,"AWS Connection",0,0,0,1,"I: 1, N: 0, L: 0, C: 0, T: 0"
https://infisical.com/sla,"Service Level Agreement",0,0,0,7,"I: 7, N: 3, L: 0, C: 0, T: 0"
https://infisical.com/docs/documentation/platform/secret-rotation/mssql-credentials,"Microsoft SQL Server Credentials Rotation",0,0,0,1,"I: 1, N: 0, L: 0, C: 0, T: 0"
"https://infisical.com/blog/guide-to-implementing-oauth2#:~:text=To%20note%2C%20in%20this%20article%2C%20I%27ll%20be,2.0%20flow%20that%20you%27ll%20see%20in%20practice.",,0,0,0,1,"I: 1, N: 0, L: 0, C: 0, T: 0"
https://questions.infisical.com/t/mongodb-connection-string-with-secret-in-helm-chart/2M48,"MongoDB Connection String with Secret in Helm Chart",0,0,0,2,"I: 2, N: 1, L: 0, C: 0, T: 0"
https://infisical.com/docs/documentation/platform/secrets-mgmt/concepts/secrets-delivery,"Fetching Secrets",0,0,0,1,"I: 1, N: 0, L: 0, C: 0, T: 0"
https://infisical.com/docs/documentation/platform/secret-reference,"Secret Referencing and Importing",0,0,0,9,"I: 9, N: 3, L: 0, C: 0, T: 0"
https://infisical.com/docs/integrations/app-connections/mysql,"MySQL Connection",0,0,0,6,"I: 6, N: 0, L: 0, C: 0, T: 0"
https://infisical.com/blog/microsoft-credential-leak,"Learning from Microsoft's Credential Leak",0,0,0,1,"I: 1, N: 0, L: 0, C: 0, T: 0"
"https://infisical.com/docs/documentation/platform/identities/universal-auth#:~:text=Universal%20Auth%20is%20a%20platform,can%20help%20overcome%20secret%20zero.",,0,0,0,1,"I: 1, N: 0, L: 0, C: 0, T: 0"
"https://infisical.com/docs/documentation/platform/kms-configuration/gcp-kms#:~:text=Remember%20to%20keep%20the%20JSON%20file%20in,GCP%20(%20Cloud%20Console%20)%20service%20account.",,0,0,0,1,"I: 1, N: 0, L: 0, C: 0, T: 0"
https://infisical.com/docs/api-reference/endpoints/secret-tags/get-by-slug,"Get By Slug",0,0,0,1,"I: 1, N: 0, L: 0, C: 0, T: 0"
https://infisical.com/docs/documentation/platform/access-controls/role-based-access-controls,"Role-based Access Controls",0,0,0,8,"I: 8, N: 1, L: 0, C: 0, T: 0"
https://questions.infisical.com/t/encryption-key-validation-error-on-helm-upgrade/2Lb11,"Encryption Key Validation Error on Helm Upgrade",0,0,0,1,"I: 1, N: 0, L: 0, C: 0, T: 0"
https://infisical.com/blog/secrets-management-best-practices,"Secrets Management Best Practices [2026]",0,0,0,1,"I: 1, N: 0, L: 0, C: 0, T: 0"
https://infisical.com/docs/integrations/cloud/digital-ocean-app-platform,"Digital Ocean App Platform",0,0,0,23,"I: 23, N: 13, L: 0, C: 0, T: 0"
https://infisical.com/docs/integrations/app-connections/hashicorp-vault,"Hashicorp Vault Connection",0,0,0,6,"I: 6, N: 4, L: 0, C: 0, T: 0"
https://infisical.com/docs/documentation/platform/pki/pki-issuer,"Kubernetes Issuer",0,0,0,8,"I: 8, N: 7, L: 0, C: 0, T: 0"
https://infisical.com/docs/api-reference/endpoints/alicloud-auth/login,Login,0,0,0,1,"I: 1, N: 0, L: 0, C: 0, T: 0"
https://infisical.com/docs/sdks/languages/csharp,"Infisical .NET SDK",0,0,0,4,"I: 4, N: 2, L: 0, C: 0, T: 0"
https://infisical.com/docs/cli/commands/export,"infisical export",0,0,0,4,"I: 4, N: 0, L: 0, C: 0, T: 0"
"https://infisical.com/blog/hashicorp-vault-pricing#:~:text=Vault%20Community%20is%20free%20and,%2C%20compliance%2C%20and%20operational%20requirements.","Hashicorp Vault Pricing | Complete Guide [2025 Edition] - Infisical",0,0,0,1,"I: 1, N: 0, L: 0, C: 0, T: 0"
https://infisical.com/docs/documentation/platform/secret-rotation/overview,"Secret Rotation - Infisical",0,0,0,1,"I: 1, N: 1, L: 0, C: 0, T: 0"
https://infisical.com/docs/integrations/cloud/teamcity,TeamCity,0,0,0,10,"I: 10, N: 2, L: 0, C: 0, T: 0"
https://infisical.com/docs/integrations/platforms/docker-intro,Docker,0,0,0,3,"I: 3, N: 2, L: 0, C: 0, T: 0"
"https://infisical.com/blog/azure-key-vault-vs-hashicorp-vault#:~:text=Both%20Azure%20Key%20Vault%20and%20Hashicorp%20Vault,specific%20organizational%20needs%2C%20infrastructure%2C%20and%20personal%20preference.",,0,0,0,1,"I: 1, N: 0, L: 0, C: 0, T: 0"
https://infisical.com/infisical-heroes,"Infisical Contributor Program",0,0,0,2,"I: 2, N: 0, L: 0, C: 0, T: 0"
https://infisical.com/docs/documentation/platform/audit-log-streams/audit-log-streams,"Audit Log Streams - Infisical",0,0,0,3,"I: 3, N: 1, L: 0, C: 0, T: 0"
https://infisical.com/blog/infisical-seed-round,"Infisical $2.8M Seed Round",0,0,0,1,"I: 1, N: 0, L: 0, C: 0, T: 0"
https://infisical.com/docs/cli/overview,Install,0,0,0,5,"I: 5, N: 1, L: 0, C: 0, T: 0"
"https://infisical.com/blog/hashicorp-vault-pricing#:~:text=Development,be%20adopted%20by%20smaller%20companies.",,0,0,0,1,"I: 1, N: 0, L: 0, C: 0, T: 0"
https://infisical.com/docs/sdks/languages/ruby,"Infisical Ruby SDK",0,0,0,3,"I: 3, N: 0, L: 0, C: 0, T: 0"
https://questions.infisical.com/t/infisical-smtp-config-and-account-creation-issues/2L8c6,"Infisical SMTP Config and Account Creation Issues",0,0,0,1,"I: 1, N: 0, L: 0, C: 0, T: 0"
https://questions.infisical.com/t/issues-deleting-secrets-on-infisical-cloud/2Ka4f7,"Issues Deleting Secrets on Infisical Cloud",0,0,0,1,"I: 1, N: 0, L: 0, C: 0, T: 0"
https://infisical.com/blog/introducing-pki,"Introducing Infisical PKI",0,0,0,17,"I: 17, N: 4, L: 0, C: 0, T: 0"
"https://infisical.com/docs/self-hosting/deployment-options/kubernetes-helm#:~:text=Install%20Infisical%20Helm%20repository,Production%20deployment",,0,0,0,1,"I: 1, N: 0, L: 0, C: 0, T: 0"
https://questions.infisical.com/t/github-enterprise-integration-with-self-hosting/2L8c7,"GitHub Enterprise Integration with Self-Hosting",0,0,0,1,"I: 1, N: 1, L: 0, C: 0, T: 0"
https://infisical.com/blog/managing-secrets-mcp-servers,"Managing Secrets in MCP Servers",0,0,0,7,"I: 6, N: 3, L: 1, C: 1, T: 0"
https://questions.infisical.com/t/accessing-logs-and-observability-metrics-with-docker/2Kb73c,"Accessing Logs and Observability Metrics with Docker",0,0,0,1,"I: 1, N: 0, L: 0, C: 0, T: 0"
"https://infisical.com/docs/documentation/platform/ldap/general#:~:text=User%20Search%20Base%20/%20User%20DN:%20Base,perform%20user%20search%20such%20as%20ou=Users%2Cdc=acme%2Cdc=com%20.",,0,0,0,1,"I: 1, N: 0, L: 0, C: 0, T: 0"
https://infisical.com/blog/bitbucket-secrets-management,"Bitbucket Secrets Management: A Complete Guide - Infisical",0,0,0,2,"I: 3, N: 0, L: 0, C: 0, T: 0"
https://infisical.com/docs/sdks/overview,SDKs,0,0,0,2,"I: 2, N: 1, L: 0, C: 0, T: 0"
https://infisical.com/docs/integrations/frameworks/nuxt,Nuxt,0,0,0,2,"I: 2, N: 1, L: 0, C: 0, T: 0"
https://infisical.com/docs/documentation/platform/pki/est,"Certificate Enrollment via EST",0,0,0,5,"I: 7, N: 0, L: 0, C: 0, T: 0"
"https://infisical.com/blog/guide-to-implementing-oauth2#:~:text=As%20you%20might%20expect%2C%20the%20protocol%20powering,hood%20turns%20out%20to%20be%20OAuth%202.0.",,0,0,0,1,"I: 1, N: 0, L: 0, C: 0, T: 0"
https://infisical.com/docs/api-reference/endpoints/app-connections/1password/create,Create,0,0,0,1,"I: 1, N: 0, L: 0, C: 0, T: 0"
https://infisical.com/blog/azure-key-vault-vs-hashicorp-vault,"Azure Key Vault vs HashiCorp Vault [2026]",0,0,0,19,"I: 21, N: 11, L: 0, C: 0, T: 0"
https://infisical.com/docs/documentation/platform/identities/user-identities,"User Identities",0,0,0,1,"I: 1, N: 0, L: 0, C: 0, T: 0"
https://infisical.com/docs/self-hosting/deployment-options/standalone-infisical,Docker,0,0,0,5,"I: 5, N: 2, L: 0, C: 0, T: 0"
https://infisical.com/docs/documentation/platform/project,Overview,0,0,0,2,"I: 2, N: 1, L: 0, C: 0, T: 0"
https://infisical.com/docs/api-reference/endpoints/integrations/find-auth,"Get Auth By ID",0,0,0,4,"I: 4, N: 4, L: 0, C: 0, T: 0"
https://infisical.com/docs/documentation/platform/identities/machine-identities,"Machine Identities",0,0,0,3,"I: 3, N: 2, L: 0, C: 0, T: 0"
"https://infisical.com/blog/guide-to-implementing-oauth2#:~:text=The%20client%20sends%20the%20user%20to%20the,to%20redirect%20back%2C%20and%20some%20local%20data.",,0,0,0,1,"I: 1, N: 0, L: 0, C: 0, T: 0"
https://infisical.com/docs/documentation/platform/pki/k8s-cert-manager,"Kubernetes cert-manager",0,0,0,4,"I: 4, N: 2, L: 0, C: 0, T: 0"
https://infisical.com/docs/internals/service-tokens,"Service tokens",0,0,0,5,"I: 6, N: 0, L: 0, C: 0, T: 0"
https://infisical.com/infisical-vs-gcp-secret-manager,"Infisical vs GCP Secret Manager",0,0,0,8,"I: 8, N: 5, L: 0, C: 0, T: 0"
https://infisical.com/docs/documentation/platform/secret-rotation/sendgrid,"Twilio SendGrid",0,0,0,2,"I: 2, N: 0, L: 0, C: 0, T: 0"
https://infisical.com/docs/self-hosting/reference-architectures/linux-deployment-ha,"Linux (HA)",0,0,0,18,"I: 19, N: 3, L: 0, C: 0, T: 0"
https://infisical.com/docs/internals/security,"AWS KMS, AWS CloudHSM, and GCP KMS",0,0,0,2,"I: 2, N: 2, L: 0, C: 0, T: 0"
https://infisical.com/docs/documentation/platform/identities/oidc-auth/general,General,0,0,0,1,"I: 1, N: 0, L: 0, C: 0, T: 0"
https://infisical.com/wiki/documentation/engineering/oncall,"On call rotation",0,0,0,3,"I: 2, N: 0, L: 0, C: 1, T: 0"
https://infisical.com/docs/integrations/frameworks/django,Django,0,0,0,1,"I: 1, N: 0, L: 0, C: 0, T: 0"
https://infisical.com/docs/integrations/cicd/githubactions,"GitHub Actions",0,0,0,16,"I: 16, N: 10, L: 0, C: 0, T: 0"
https://infisical.com/docs/documentation/platform/pki/certificates,Certificates,0,0,0,31,"I: 31, N: 8, L: 0, C: 0, T: 0"
https://questions.infisical.com/t/expanding-secrets-with-shell-environment-variables-in-infisical/2J28f0a,"Expanding Secrets with Shell Environment Variables ...",0,0,0,1,"I: 1, N: 0, L: 0, C: 0, T: 0"
https://infisical.com/docs/documentation/platform/pki/guides/request-cert-agent,,0,0,0,1,"I: 1, N: 0, L: 0, C: 0, T: 0"
https://infisical.com/docs/integrations/secret-syncs/terraform-cloud,"Terraform Cloud Sync",0,0,0,5,"I: 5, N: 2, L: 0, C: 0, T: 0"
https://infisical.com/docs/documentation/platform/dynamic-secrets/sap-hana,"SAP HANA - Dynamic Secrets",0,0,0,2,"I: 2, N: 0, L: 0, C: 0, T: 0"
https://infisical.com/docs/integrations/frameworks/pulumi,Pulumi,0,0,0,1,"I: 1, N: 0, L: 0, C: 0, T: 0"
https://infisical.com/docs/integrations/cloud/cloudflare-pages,"Cloudflare Pages",0,0,0,2,"I: 3, N: 3, L: 0, C: 0, T: 0"
https://infisical.com/docs/documentation/platform/sub-organizations,Sub-Organizations,0,0,0,1,"I: 1, N: 0, L: 0, C: 0, T: 0"
https://infisical.com/blog/what-is-secret-management,"What is Secret Management? Definition and Best Practices",0,0,0,11,"I: 13, N: 1, L: 0, C: 0, T: 0"
https://infisical.com/docs/integrations/app-connections/postgres,"PostgreSQL Connection",0,0,0,20,"I: 20, N: 6, L: 0, C: 0, T: 0"
https://infisical.com/docs/integrations/platforms/kubernetes/infisical-secret-crd,"Using the InfisicalSecret CRD",0,0,0,3,"I: 3, N: 0, L: 0, C: 0, T: 0"
https://infisical.com/blog/hashicorp-vault-secrets-shutdown,"HashiCorp Vault Secrets is Shutting Down: Migrating to In...",0,0,0,6,"I: 6, N: 0, L: 0, C: 0, T: 0"
https://infisical.com/docs/integrations/cloud/render,Render,0,0,0,1,"I: 1, N: 0, L: 0, C: 0, T: 0"
https://questions.infisical.com/t/infisical-self-hosted-update-forcing-new-super-admin-account-creation/2J266a4,"Infisical Self-Hosted Update Forcing New Super Admin ...",0,0,0,1,"I: 1, N: 0, L: 0, C: 0, T: 0"
"https://infisical.com/docs/documentation/platform/sso/general-oidc/overview#:~:text=1.4.%20Access%20the%20IdP%27s%20OIDC%20(%20OpenID,such%20as%20authorization%2C%20token%2C%20userinfo%2C%20and%20keys.",,0,0,0,1,"I: 1, N: 0, L: 0, C: 0, T: 0"
https://infisical.com/docs/documentation/platform/dynamic-secrets/postgresql,PostgreSQL,0,0,0,2,"I: 2, N: 1, L: 0, C: 0, T: 0"
https://infisical.com/docs/self-hosting/deployment-options/kubernetes-helm,"Kubernetes via Helm Chart",0,0,0,133,"I: 133, N: 80, L: 0, C: 1, T: 0"
"https://infisical.com/docs/documentation/platform/pki/private-ca#:~:text=Yes.%20You%20may%20obtain%20a%20CSR%20from,as%20part%20of%20the%20CA%20installation%20step.",,0,0,0,1,"I: 1, N: 0, L: 0, C: 0, T: 0"
https://infisical.com/docs/api-reference/endpoints/pki/subscribers/issue-cert,"Issue Certificate",0,0,0,1,"I: 1, N: 0, L: 0, C: 0, T: 0"
https://infisical.com/docs/documentation/platform/dynamic-secrets/mongo-atlas,"Mongo Atlas",0,0,0,26,"I: 26, N: 7, L: 0, C: 0, T: 0"
https://infisical.com/docs/documentation/platform/identities/overview,"User and Machine Identities",0,0,0,3,"I: 3, N: 1, L: 0, C: 0, T: 0"
https://infisical.com/docs/integrations/cloud/aws-secret-manager,"AWS Secrets Manager",0,0,0,5,"I: 5, N: 3, L: 0, C: 0, T: 0"
https://infisical.com/blog/introducing-machine-identities,"Introducing Machine Identities",0,0,0,3,"I: 3, N: 0, L: 0, C: 0, T: 0"
https://infisical.com/docs/documentation/platform/dynamic-secrets/ldap,LDAP,0,0,0,8,"I: 8, N: 2, L: 0, C: 0, T: 0"
https://infisical.com/docs/self-hosting/reference-architectures/on-prem-k8s-ha,Kubernetes,0,0,0,11,"I: 11, N: 2, L: 0, C: 0, T: 0"
https://infisical.com/customers/hugging-face,"Hugging Face Case Study",0,0,0,3,"I: 3, N: 0, L: 0, C: 0, T: 0"
https://infisical.com/docs/api-reference/endpoints/token-auth/create-token,"Create Token",0,0,0,2,"I: 2, N: 1, L: 0, C: 0, T: 0"
https://infisical.com/docs/self-hosting/deployment-options/native/linux-package/installation,Installation,0,0,0,1,"I: 1, N: 0, L: 0, C: 0, T: 0"
https://infisical.com/docs/integrations/app-connections/heroku,"Heroku App Connection",0,0,0,1,"I: 1, N: 0, L: 0, C: 0, T: 0"
https://infisical.com/docs/documentation/platform/identities/ldap-auth/jumpcloud,JumpCloud,0,0,0,3,"I: 3, N: 0, L: 0, C: 0, T: 0"
https://infisical.com/docs/integrations/app-connections/azure-key-vault,"Azure Key Vault Connection",0,0,0,1,"I: 1, N: 0, L: 0, C: 0, T: 0"
https://infisical.com/docs/integrations/secret-syncs/hashicorp-vault,"Infisical to Vault",0,0,0,1,"I: 1, N: 1, L: 0, C: 0, T: 0"
https://infisical.com/docs/documentation/platform/pki/alerting/pagerduty-alerts,"PagerDuty Alerts",0,0,0,1,"I: 1, N: 0, L: 0, C: 0, T: 0"
https://infisical.com/blog/how-we-got-3000-github-stars-in-2-months,"How we got to 3000 GitHub stars in 2 months?",0,0,0,1,"I: 1, N: 1, L: 0, C: 0, T: 0"
https://infisical.com/docs/api-reference/endpoints/secret-syncs/oci-vault/import-secrets,"Import Secrets",0,0,0,1,"I: 1, N: 0, L: 0, C: 0, T: 0"
https://infisical.com/blog/akeyless-alternatives,"Top Akeyless Alternatives [2026] - Infisical",0,0,0,1,"I: 1, N: 0, L: 0, C: 0, T: 0"
https://infisical.com/docs/documentation/platform/identities/jwt-auth,"JWT Auth",0,0,0,12,"I: 12, N: 5, L: 0, C: 0, T: 0"
https://infisical.com/docs/api-reference/endpoints/gcp-auth/login,Login,0,0,0,1,"I: 1, N: 0, L: 0, C: 0, T: 0"
https://infisical.com/docs/integrations/frameworks/express,"Express, Fastify, Koa",0,0,0,2,"I: 2, N: 1, L: 0, C: 0, T: 0"
https://infisical.com/docs/integrations/frameworks/terraform,Terraform,0,0,0,6,"I: 6, N: 2, L: 0, C: 0, T: 0"
https://infisical.com/docs/integrations/frameworks/vite,Vite,0,0,0,1,"I: 1, N: 0, L: 0, C: 0, T: 0"
https://infisical.com/docs/documentation/platform/identities/alicloud-auth,"Alibaba Cloud Auth",0,0,0,2,"I: 3, N: 0, L: 0, C: 0, T: 0"
https://infisical.com/docs/integrations/platforms/kubernetes-injector,"Kubernetes Agent Injector",0,0,0,1,"I: 0, N: 0, L: 0, C: 1, T: 0"
https://infisical.com/docs/cli/scanning-overview,"Secret scanning",0,0,0,13,"I: 12, N: 9, L: 1, C: 0, T: 0"
https://infisical.com/docs/integrations/secret-syncs/windmill,"Windmill Sync",0,0,0,1,"I: 1, N: 0, L: 0, C: 0, T: 0"
https://questions.infisical.com/t/integrating-infisical-secrets-in-docker-compose-for-postgres/2K908a,"Integrating Infisical Secrets in Docker-Compose for Postgres",0,0,0,7,"I: 7, N: 6, L: 0, C: 0, T: 0"
https://infisical.com/blog/terraform-ephemeral-resources,"Everything you Need to Know About Terraform's ...",0,0,0,1,"I: 1, N: 1, L: 0, C: 0, T: 0"
https://infisical.com/docs/self-hosting/reference-architectures/aws-ecs,"AWS ECS (HA)",0,0,0,27,"I: 27, N: 11, L: 0, C: 0, T: 0"
https://infisical.com/docs/api-reference/endpoints/certificate-authorities/renew,Renew,0,0,0,1,"I: 1, N: 0, L: 0, C: 0, T: 0"
https://infisical.com/docs/documentation/guides/node,Node,0,0,0,8,"I: 8, N: 3, L: 0, C: 0, T: 0"
https://infisical.com/docs/documentation/platform/pki/alerting,Alerting,0,0,0,3,"I: 3, N: 0, L: 0, C: 0, T: 0"
https://infisical.com/docs/integrations/secret-syncs/github,"GitHub Sync",0,0,0,2,"I: 2, N: 0, L: 0, C: 0, T: 0"
https://questions.infisical.com/t/using-infisical-in-gitea-s-selfhosted-ci/2J3133b,"Using Infisical in Gitea's Selfhosted CI",0,0,0,1,"I: 1, N: 0, L: 0, C: 0, T: 0"
https://infisical.com/docs/api-reference/endpoints/kms/signing/public-key,"Retrieve Public Key",0,0,0,1,"I: 1, N: 0, L: 0, C: 0, T: 0"
https://infisical.com/docs/documentation/platform/access-controls/additional-privileges,"Additional Privileges",0,0,0,1,"I: 2, N: 0, L: 0, C: 0, T: 0"
https://infisical.com/docs/documentation/platform/identities/universal-auth,"Universal Auth",0,0,0,14,"I: 16, N: 6, L: 0, C: 0, T: 0"
https://infisical.com/docs/documentation/platform/sso/gitlab,"GitLab SSO",0,0,0,4,"I: 4, N: 1, L: 0, C: 0, T: 0"
https://questions.infisical.com/t/issue-with-starting-new-project-with-infisical-init-/2J23025,"Issue with Starting New Project with 'infisical init'",0,0,0,1,"I: 1, N: 0, L: 0, C: 0, T: 0"
https://infisical.com/blog/passwordstate-alternatives,,0,0,0,1,"I: 1, N: 1, L: 0, C: 0, T: 0"
https://infisical.com/docs/cli/commands/bootstrap,"infisical bootstrap",0,0,0,1,"I: 1, N: 1, L: 0, C: 0, T: 0"
https://infisical.com/docs/documentation/platform/secret-rotation/aws-iam-user-secret,"AWS IAM User",0,0,0,1,"I: 1, N: 0, L: 0, C: 0, T: 0"
https://questions.infisical.com/t/specifying-persistent-storage-for-mongodb-with-helm-and-kubernetes/2M75,"Specifying Persistent Storage for MongoDB with Helm and ...",0,0,0,1,"I: 1, N: 0, L: 0, C: 0, T: 0"
https://infisical.com/docs/integrations/cloud/laravel-forge,"Laravel Forge",0,0,0,14,"I: 16, N: 8, L: 0, C: 0, T: 0"
https://infisical.com/docs/integrations/secret-syncs/azure-app-configuration,"Azure App Configuration Sync",0,0,0,1,"I: 1, N: 0, L: 0, C: 0, T: 0"
https://infisical.com/docs/cli/commands/scan,scan,0,0,0,1,"I: 0, N: 1, L: 1, C: 0, T: 0"
https://questions.infisical.com/t/resolving-user-s-github-integration-issue-with-infisical/2K4c9d,"Resolving User's GitHub Integration Issue with Infisical",0,0,0,1,"I: 1, N: 0, L: 0, C: 0, T: 0"
"https://infisical.com/blog/what-is-secret-management#:~:text=Compliance%20with%20Regulations:%20Acheiveing%20data%20security%20and,vigilance%20and%20adaptation%20of%20secret%20management%20practices.","What is Secret Management? Definition and Best Practices",0,0,0,2,"I: 2, N: 0, L: 0, C: 0, T: 0"
https://infisical.com/docs/api-reference/endpoints/organizations/delete-membership,"Delete User Membership",0,0,0,1,"I: 1, N: 1, L: 0, C: 0, T: 0"
https://questions.infisical.com/t/infisical-integration-with-gitlab-issue-and-resolution/2Kba8c,"Infisical Integration with GitLab Issue and Resolution",0,0,0,1,"I: 1, N: 0, L: 0, C: 0, T: 0"
https://infisical.com/docs/api-reference/endpoints/workspaces/get-workspace,"Get Project",0,0,0,2,"I: 2, N: 0, L: 0, C: 0, T: 0"
https://infisical.com/blog/guide-to-implementing-oauth2#:~:text=(A)%20Client%20redirects%20user%20to%20authorization%20server:,,0,0,0,1,"I: 1, N: 0, L: 0, C: 0, T: 0"
https://infisical.com/docs/documentation/platform/dynamic-secrets/mongo-db,"Mongo DB",0,0,0,19,"I: 19, N: 5, L: 0, C: 0, T: 0"
https://infisical.com/docs/documentation/platform/dynamic-secrets/snowflake,Snowflake,0,0,0,1,"I: 1, N: 0, L: 0, C: 0, T: 0"
https://infisical.com/infisical-vs-doppler,"Infisical vs Doppler",0,0,0,7,"I: 7, N: 2, L: 0, C: 0, T: 0"
https://infisical.com/docs/documentation/platform/groups,"User Groups",0,0,0,1,"I: 1, N: 0, L: 0, C: 0, T: 0"
https://infisical.com/docs/documentation/platform/sso/overview,"SSO Overview",0,0,0,18,"I: 18, N: 3, L: 0, C: 0, T: 0"
https://infisical.com/docs/contributing/getting-started/overview,"Infisical GitHub Issues",0,0,0,1,"I: 0, N: 1, L: 1, C: 0, T: 0"
https://infisical.com/docs/documentation/platform/ssh,"Infisical SSH",0,0,0,9,"I: 9, N: 3, L: 0, C: 0, T: 0"
https://infisical.com/docs/integrations/frameworks/spring-boot-maven,"Spring Boot with Maven",0,0,0,13,"I: 13, N: 4, L: 0, C: 0, T: 0"
https://infisical.com/blog/stop-using-env-files,"Stop using .env files!",0,0,0,3,"I: 3, N: 0, L: 0, C: 0, T: 0"
https://infisical.com/docs/documentation/platform/pki/external-ca,"External CA",0,0,0,3,"I: 3, N: 0, L: 0, C: 0, T: 0"
https://infisical.com/docs/api-reference/endpoints/secret-syncs/1password/sync-secrets,"Sync Secrets",0,0,0,1,"I: 1, N: 1, L: 0, C: 0, T: 0"
https://infisical.com/docs/documentation/platform/access-controls/assume-privilege,"Assume Privileges",0,0,0,1,"I: 1, N: 0, L: 0, C: 0, T: 0"
https://infisical.com/docs/documentation/platform/github-org-sync,"GitHub Team Sync",0,0,0,2,"I: 2, N: 0, L: 0, C: 0, T: 0"
https://infisical.com/blog/terraform-modules-organization-scaling,"The Case for Terraform Modules: Scaling Your Infrastructu...",0,0,0,5,"I: 5, N: 2, L: 0, C: 0, T: 0"
https://infisical.com/docs/api-reference/overview/authentication,Authentication,0,0,0,1,"I: 1, N: 0, L: 0, C: 0, T: 0"
https://infisical.com/docs/documentation/platform/audit-logs,"paid feature",0,0,0,2,"I: 2, N: 1, L: 0, C: 0, T: 0"
https://infisical.com/docs/integrations/secret-syncs/overview,Overview,0,0,0,2,"I: 2, N: 0, L: 0, C: 0, T: 0"
https://infisical.com/docs/integrations/cloud/flyio,Fly.io,0,0,0,1,"I: 1, N: 1, L: 0, C: 0, T: 0"
https://infisical.com/docs/integrations/secret-syncs/azure-key-vault,"Azure Key Vault Sync",0,0,0,3,"I: 3, N: 1, L: 0, C: 0, T: 0"
https://infisical.com/docs/documentation/platform/dynamic-secrets/overview,"Dynamic Secrets",0,0,0,2,"I: 2, N: 0, L: 0, C: 0, T: 0"
https://infisical.com/docs/documentation/platform/identities/kubernetes-auth,"Kubernetes Auth",0,0,0,24,"I: 25, N: 12, L: 0, C: 0, T: 0"
https://questions.infisical.com/t/connecting-to-mongodb-with-infisical-s-helm-chart/2K7486,"Connecting to MongoDB with Infisical's Helm Chart",0,0,0,1,"I: 1, N: 1, L: 0, C: 0, T: 0"
https://infisical.com/docs/self-hosting/configuration/envars,"Environment Variables",0,0,0,3,"I: 3, N: 0, L: 0, C: 0, T: 0"
https://infisical.com/docs/integrations/platforms/ansible,Ansible,0,0,0,4,"I: 4, N: 2, L: 0, C: 0, T: 0"
https://infisical.com/docs/api-reference/endpoints/secrets/update,Update,0,0,0,1,"I: 1, N: 0, L: 0, C: 0, T: 0"
"https://infisical.com/docs/documentation/platform/token#:~:text=Infisical%20service%20tokens%20allow%20users,path(s)%20within%20them.","Service Token - Infisical",0,0,0,1,"I: 1, N: 0, L: 0, C: 0, T: 0"
https://infisical.com/docs/self-hosting/reference-architectures/google-cloud-run,"Google Cloud Run",0,0,0,2,"I: 2, N: 0, L: 0, C: 0, T: 0"
https://infisical.com/docs/documentation/platform/identities/token-auth,"Token Auth",0,0,0,9,"I: 10, N: 2, L: 0, C: 0, T: 0"
https://infisical.com/docs/integrations/secret-syncs/gcp-secret-manager,"GCP Secret Manager Sync",0,0,0,1,"I: 1, N: 0, L: 0, C: 0, T: 0"
https://questions.infisical.com/t/flutter-integration-inquiry/2M2f,"Flutter Integration Inquiry",0,0,0,1,"I: 1, N: 1, L: 0, C: 0, T: 0"
https://infisical.com/blog/hashicorp-new-bsl-license,"Hashicorp's New BSL License – What Changed?",0,0,0,11,"I: 12, N: 6, L: 0, C: 0, T: 0"
https://infisical.com/docs/documentation/platform/kms-configuration/aws-kms,"AWS Key Management Service",0,0,0,33,"I: 35, N: 23, L: 0, C: 0, T: 0"
https://infisical.com/docs/documentation/platform/scim/overview,"SCIM Overview",0,0,0,1,"I: 1, N: 0, L: 0, C: 0, T: 0"
https://infisical.com/docs/documentation/platform/secrets-mgmt/overview,"Secrets Management",0,0,0,1,"I: 1, N: 0, L: 0, C: 0, T: 0"
https://infisical.com/docs/documentation/platform/kms/hsm-integration,"HSM integration",0,0,0,20,"I: 23, N: 9, L: 0, C: 0, T: 0"
https://infisical.com/docs/integrations/platforms/docker-pass-envs,"Docker Run",0,0,0,20,"I: 20, N: 15, L: 0, C: 0, T: 0"
https://infisical.com/docs/documentation/platform/sso/github,"GitHub SSO",0,0,0,2,"I: 2, N: 2, L: 0, C: 0, T: 0"
https://infisical.com/docs/api-reference/endpoints/secret-syncs/1password/import-secrets,"Import Secrets",0,0,0,1,"I: 1, N: 1, L: 0, C: 0, T: 0"
https://infisical.com/docs/integrations/app-connections/mssql,"Microsoft SQL Server Connection",0,0,0,14,"I: 14, N: 5, L: 0, C: 0, T: 0"
https://infisical.com/docs/integrations/cloud/aws-amplify,"AWS Amplify",0,0,0,1,"I: 1, N: 1, L: 0, C: 0, T: 0"
https://infisical.com/docs/api-reference/endpoints/kms/keys/create,"Create Key",0,0,0,1,"I: 1, N: 0, L: 0, C: 0, T: 0"
https://infisical.com/docs/documentation/platform/identities/aws-auth,"AWS Auth",0,0,0,6,"I: 6, N: 3, L: 0, C: 0, T: 0"
https://infisical.com/wiki/documentation/engineering/how-to-write-design-doc,"How to write a design document",0,0,0,24,"I: 25, N: 4, L: 1, C: 1, T: 0"
https://infisical.com/blog/devops-principles,"DevOps Principles: Flow, Standardization, Observability, .. ...",0,0,0,7,"I: 8, N: 0, L: 0, C: 0, T: 0"
https://questions.infisical.com/t/infisical-helm-chart-install-error-on-aws-eks/2J3cf4a,"Infisical Helm Chart Install Error on AWS EKS",0,0,0,2,"I: 2, N: 0, L: 0, C: 0, T: 0"
https://infisical.com/docs/documentation/platform/identities/oidc-auth/azure,Azure,0,0,0,1,"I: 1, N: 0, L: 0, C: 0, T: 0"
https://infisical.com/docs/integrations/cloud/azure-devops,"Azure DevOps",0,0,0,11,"I: 11, N: 4, L: 0, C: 0, T: 0"
https://infisical.com/blog/integration-infisical-checkly,"Managing Environment Variables in Checkly with Infisical",0,0,0,1,"I: 1, N: 0, L: 0, C: 0, T: 0"
https://questions.infisical.com/t/copying-and-importing-secrets-across-projects/2K8236,"Copying and Importing Secrets Across Projects",0,0,0,1,"I: 1, N: 0, L: 0, C: 0, T: 0"
https://infisical.com/docs/api-reference/endpoints/admin/bootstrap-instance,"Bootstrap Instance",0,0,0,1,"I: 1, N: 0, L: 0, C: 0, T: 0"
https://infisical.com/docs/documentation/platform/secret-rotation/mssql,"Microsoft SQL Server",0,0,0,2,"I: 2, N: 0, L: 0, C: 0, T: 0"
https://infisical.com/blog/gcp-secret-manager-vs-hashicorp-vault,"GCP Secret Manager vs HashiCorp Vault [2026]",0,0,0,4,"I: 5, N: 1, L: 0, C: 0, T: 0"
https://infisical.com/docs/documentation/platform/sso/general-oidc/overview,"General OIDC",0,0,0,2,"I: 2, N: 1, L: 0, C: 0, T: 0"
https://infisical.com/docs/integrations/app-connections/redis,"Redis Connection",0,0,0,1,"I: 1, N: 0, L: 0, C: 0, T: 0"
https://infisical.com/docs/integrations/app-connections/terraform-cloud,"Terraform Cloud Connection",0,0,0,3,"I: 3, N: 1, L: 0, C: 0, T: 0"
https://infisical.com/docs/integrations/cicd/codefresh,Codefresh,0,0,0,2,"I: 2, N: 2, L: 0, C: 0, T: 0"
https://infisical.com/docs/documentation/platform/ssh/host-groups,"Host Groups",0,0,0,2,"I: 2, N: 1, L: 0, C: 0, T: 0"
https://questions.infisical.com/t/synchronizing-multiple-secrets-in-kubernetes/2K9511,"Synchronizing Multiple Secrets in Kubernetes",0,0,0,1,"I: 1, N: 1, L: 0, C: 0, T: 0"
https://infisical.com/docs/documentation/platform/sso/google,"Google SSO",0,0,0,9,"I: 9, N: 6, L: 0, C: 0, T: 0"
https://infisical.com/docs/documentation/platform/dynamic-secrets/oracle,Oracle,0,0,0,1,"I: 1, N: 1, L: 0, C: 0, T: 0"
https://infisical.com/docs/integrations/app-connections/ldap,"LDAP Connection - Infisical",0,0,0,3,"I: 3, N: 0, L: 0, C: 0, T: 0"
https://infisical.com/docs/api-reference/endpoints/secret-syncs/heroku/delete,Delete,0,0,0,1,"I: 1, N: 0, L: 0, C: 0, T: 0"
https://infisical.com/docs/integrations/build-tools/gradle,Gradle,0,0,0,8,"I: 8, N: 8, L: 0, C: 0, T: 0"
https://questions.infisical.com/t/john-veetle-joins-the-community/2J3dd96,"John Veetle Joins the Community",0,0,0,2,"I: 2, N: 0, L: 0, C: 0, T: 0"
https://questions.infisical.com/t/troubleshooting-sso-issue-with-rippling-provider/2Kb96b,"Troubleshooting SSO Issue with Rippling Provider",0,0,0,1,"I: 1, N: 0, L: 0, C: 0, T: 0"
https://infisical.com/docs/integrations/frameworks/rails,"Ruby on Rails",0,0,0,10,"I: 10, N: 8, L: 0, C: 0, T: 0"
https://infisical.com/docs/self-hosting/configuration/requirements,"Hardware requirements",0,0,0,12,"I: 12, N: 3, L: 0, C: 0, T: 0"
https://infisical.com/docs/documentation/platform/scim/okta,"Okta SCIM - Infisical",0,0,0,3,"I: 3, N: 1, L: 0, C: 0, T: 0"
https://infisical.com/docs/documentation/platform/kms-configuration/aws-hsm,"AWS CloudHSM",0,0,0,16,"I: 17, N: 4, L: 0, C: 0, T: 0"
https://infisical.com/blog/infisical-gateway,"Infisical Gateway: Securely Connect Infisical to Anything, ...",0,0,0,1,"I: 1, N: 1, L: 0, C: 0, T: 0"
https://infisical.com/docs/integrations/cicd/circleci,CircleCI,0,0,0,13,"I: 13, N: 7, L: 0, C: 0, T: 0"
https://infisical.com/docs/documentation/platform/identities/ldap-auth/general,General,0,0,0,4,"I: 4, N: 2, L: 0, C: 0, T: 0"
https://infisical.com/docs/integrations/cloud/hashicorp-vault,"HashiCorp Vault",0,0,0,5,"I: 5, N: 3, L: 0, C: 0, T: 0"
https://infisical.com/docs/integrations/cloud/heroku,Heroku,0,0,0,7,"I: 7, N: 4, L: 0, C: 0, T: 0"
https://infisical.com/docs/documentation/platform/folder,Folders,0,0,0,2,"I: 3, N: 0, L: 0, C: 0, T: 0"
https://questions.infisical.com/t/setting-up-infisical-using-docker-and-resolving-redis-error/2K8cbb,"Setting Up Infisical using Docker and Resolving Redis Error",0,0,0,1,"I: 1, N: 1, L: 0, C: 0, T: 0"
https://infisical.com/docs/api-reference/endpoints/app-connections/azure-client-secret/create,Create,0,0,0,1,"I: 1, N: 0, L: 0, C: 0, T: 0"
https://infisical.com/blog/best-privileged-access-management-solutions,"Best Privileged Access Management Solutions",0,0,0,1,"I: 1, N: 0, L: 0, C: 0, T: 0"
https://questions.infisical.com/t/default-username-password-for-docker-compose-installation/2Laeb,"Username/Password for Docker-Compose Installation",0,0,0,1,"I: 1, N: 1, L: 0, C: 0, T: 0"
https://infisical.com/docs/documentation/platform/auth-methods/email-password,"Email and Password",0,0,0,3,"I: 3, N: 2, L: 0, C: 0, T: 0"
"https://infisical.com/docs/documentation/platform/pki/certificates#:~:text=A%20certificate%20template%20is%20a%20set%20of,template%20is%20automatically%20added%20to%20the%20collection.",,0,0,0,1,"I: 1, N: 0, L: 0, C: 0, T: 0"
https://questions.infisical.com/t/infisical-users-experience-login-issues-and-cache-requests/2K1cc2,"Infisical Users Experience Login Issues and Cache Requests",0,0,0,1,"I: 1, N: 0, L: 0, C: 0, T: 0"
https://infisical.com/docs/documentation/platform/identities/oidc-auth/spire,SPIFFE/SPIRE,0,0,0,2,"I: 2, N: 0, L: 0, C: 0, T: 0"
https://infisical.com/docs/api-reference/endpoints/pki/subscribers/update,Update,0,0,0,1,"I: 1, N: 0, L: 0, C: 0, T: 0"
https://infisical.com/docs/documentation/platform/ldap/overview,"Enterprise feature",0,0,0,3,"I: 3, N: 3, L: 0, C: 0, T: 0"
https://infisical.com/docs/documentation/platform/sso/keycloak-saml,"Keycloak SAML",0,0,0,13,"I: 14, N: 8, L: 0, C: 0, T: 0"
https://infisical.com/docs/api-reference/endpoints/secret-syncs/terraform-cloud/sync-secrets,"Sync Secrets",0,0,0,1,"I: 1, N: 0, L: 0, C: 0, T: 0"
https://infisical.com/blog/akeyless-vs-hashicorp-vault,"Akeyless vs HashiCorp Vault [2026]",0,0,0,8,"I: 9, N: 5, L: 0, C: 0, T: 0"
"https://infisical.com/docs/documentation/platform/pki/certificates#:~:text=As%20part%20of%20the%20certificate%20revocation%20flow%2C,check%20if%20a%20certificate%20has%20been%20revoked.",,0,0,0,1,"I: 1, N: 0, L: 0, C: 0, T: 0"
https://infisical.com/blog/self-hosting-infisical-homelab,"Self-Hosting Infisical: A Guide to Securing Your Homelab'...",0,0,0,2,"I: 2, N: 0, L: 0, C: 0, T: 0"
https://infisical.com/compare/infisical-vs-hashicorp-vault,"Infisical vs HashiCorp Vault",0,0,0,3,"I: 3, N: 0, L: 0, C: 0, T: 0"
"https://infisical.com/blog/what-is-vault#:~:text=In%20the%20digital%20age%2C%20the%20concept%20of,encryption%20keys%2C%20database%20credentials%2C%20and%20access%20tokens.","What is Vault? A Deep Dive into the World of Secret Management",0,0,0,1,"I: 1, N: 1, L: 0, C: 0, T: 0"
https://questions.infisical.com/t/troubleshooting-infisical-login-and-gitlab-ci-error-on-mac/2K7181,"Troubleshooting Infisical Login and GitLab CI Error on Mac",0,0,0,2,"I: 2, N: 1, L: 0, C: 0, T: 0"
https://infisical.com/docs/documentation/platform/mfa,"Multi-factor Authentication",0,0,0,4,"I: 4, N: 1, L: 0, C: 0, T: 0"
https://infisical.com/docs/api-reference/endpoints/certificate-authorities/list-ca-certs,"List CA certificates",0,0,0,3,"I: 3, N: 0, L: 0, C: 0, T: 0"
https://infisical.com/docs/integrations/cicd/bitbucket,Bitbucket,0,0,0,7,"I: 7, N: 5, L: 0, C: 0, T: 0"
https://infisical.com/docs/api-reference/endpoints/secret-syncs/windmill/import-secrets,"Import Secrets",0,0,0,1,"I: 1, N: 0, L: 0, C: 0, T: 0"
https://infisical.com/docs/documentation/platform/pki/acme-ca,"Certificates with ACME CA",0,0,0,8,"I: 6, N: 1, L: 2, C: 2, T: 0"
https://questions.infisical.com/t/docker-image-consumes-all-cpu-on-digital-ocean-droplet/2Kb87b,"Docker Image Consumes All CPU on Digital Ocean Droplet",0,0,0,1,"I: 1, N: 0, L: 0, C: 0, T: 0"
https://infisical.com/docs/integrations/cloud/aws-parameter-store,"AWS Parameter Store",0,0,0,1,"I: 1, N: 1, L: 0, C: 0, T: 0"
https://infisical.com/docs/integrations/cloud/gcp-secret-manager,"GCP Secret Manager",0,0,0,1,"I: 1, N: 1, L: 0, C: 0, T: 0"
